index,_id,loggedUserId,name,imagePath,weblink,email,password,password_type,description,date
0,"""5eb532f0ca4423248ce79302""",kingdeep238@gmail.com,akash,input_file_1588933360578_.png,www.weblink.com,kingdeep238@gmail.com,SomePassword,gaming,Some desctiption ,1588933062030
1,"""5eb5331aca4423248ce79303""",kingdeep238@gmail.com,Sonal,input_file_1588933402095_.PNG,web.whats.app,sonaliya@goligoli.com,123456,debate,Launda lesson,1588933062030
2,"""5eb53335ca4423248ce79304""",kingdeep238@gmail.com,Tshirt,input_file_1588933429525_.png,www.facebook.com,madhuluj@gmail.com,SomePasswor,gaming,"gvfhjbsdak fajsdk hsaofeh wfoiwaefo haf;oaefh;fa
fsaojfap efjefews
feas wfe][oswea[fo",1588933062030
3,"""5eb53350ca4423248ce79305""",kingdeep238@gmail.com,akash,input_file_1588933455505_.png,fasdsdafsdf,jnvking238@gmail.com,asdfsadfsadf,gaming,sdfasdfagwg ew gewagwg werag,1588933062030
4,"""5eb5339bca4423248ce79306""",kingdeep238@gmail.com,ram,,123.com,ram@ji.com,123456,climbing,,1588933062030
